{"findSourceFile":55455.87138899999,"processRootFiles":10724.423359999999,"resolveModuleNamesWorker":6944.454997}