{"findSourceFile":47720.38197699998,"processRootFiles":9902.068156000001,"resolveModuleNamesWorker":6251.734376999998}