{"findSourceFile":47168.851632999984,"processRootFiles":9555.159792999999,"resolveModuleNamesWorker":6337.450733999992}